{"loss": [1.2943066358566284, 0.4373389780521393, 0.2654241919517517, 0.18054057657718658, 0.13550999760627747, 0.10688208043575287, 0.08479543775320053, 0.07215062528848648, 0.06270919740200043, 0.05572370067238808], "accuracy": [0.6170282363891602, 0.8605875372886658, 0.9144178032875061, 0.9409915208816528, 0.9553310871124268, 0.9642364382743835, 0.9726011753082275, 0.9766697287559509, 0.9796571731567383, 0.9824027419090271], "val_loss": [0.48310500383377075, 0.2828785181045532, 0.18539799749851227, 0.19770319759845734, 0.16024579107761383, 0.15715813636779785, 0.15582846105098724, 0.1893732249736786, 0.16628041863441467, 0.1151135116815567], "val_accuracy": [0.8485658764839172, 0.9083200693130493, 0.9392784237861633, 0.9350102543830872, 0.9482699632644653, 0.9531641006469727, 0.9520828723907471, 0.943375825881958, 0.9550421237945557, 0.9655702114105225]}